{"cameraMode":{"drawMode":0,"name":"Shaded","section":"Shading Mode"},"sceneLighting":false,"audioPlay":false,"sceneViewState":{"showFog":true,"showMaterialUpdate":false,"showSkybox":false,"showFlares":true,"showImageEffects":true,"showParticleSystems":true},"in2DMode":false,"pivot":{"x":782.6546630859375,"y":361.5187683105469,"z":-283.9961242675781},"rotation":{"x":0.0004622498818207532,"y":0.9668237566947937,"z":-0.0017496405635029078,"w":0.2554379403591156},"size":362.8809509277344,"orthographic":false}